aaa,aac,aag,aat,aca,acc,acg,act,aga,agc,agg,agt,ata,atc,atg,att,caa,cac,cag,cat,cca,ccc,ccg,cct,cga,cgc,cgg,cgt,cta,ctc,ctg,ctt,gaa,gac,gag,gat,gca,gcc,gcg,gct,gga,ggc,ggg,ggt,gta,gtc,gtg,gtt,taa,tac,tag,tat,tca,tcc,tcg,tct,tga,tgc,tgg,tgt,tta,ttc,ttg,ttt,MGW,HelT,ProT,Roll,Class
0,0,1,2,0,0,1,1,0,1,0,1,2,0,2,0,1,0,0,0,0,0,0,0,0,2,2,2,1,0,0,2,0,0,0,0,1,0,3,2,0,1,1,2,2,1,1,2,2,2,1,2,0,0,2,0,0,2,1,2,1,1,2,0,0.2280917820598659,0.8806440391621384,0.2377223970939104,0.4655217846603982,+
0,1,0,1,2,0,2,0,0,0,0,1,0,3,0,1,2,1,1,1,1,0,0,1,0,3,0,1,2,0,2,0,0,1,0,1,1,1,0,2,0,0,0,1,0,2,1,2,1,1,0,1,1,1,2,1,2,1,1,2,1,0,2,0,0.4969437024698278,0.6416002323299751,0.8172732702296654,0.3023856089938488,+
0,2,0,0,0,2,0,2,2,1,0,1,0,1,1,2,0,1,0,2,1,1,1,0,0,0,1,0,3,0,0,1,1,0,1,0,1,0,1,2,0,1,0,0,1,0,1,1,1,1,3,2,1,0,0,0,0,2,0,1,3,0,1,5,0.5957752234883232,0.9734740938137584,0.2186962844008702,0.9727864646854727,+
1,2,1,2,1,0,0,2,2,0,0,2,1,1,2,1,1,0,0,0,0,0,0,0,1,0,1,0,1,1,0,0,2,0,1,2,0,0,1,0,1,0,0,0,2,0,4,2,1,1,2,1,0,0,1,0,1,1,0,6,1,0,2,0,0.41106999614785633,0.20349303124673357,0.24901695044714256,0.4300827096156393,+
4,2,1,2,0,1,1,2,1,1,0,0,1,0,1,2,0,1,0,0,1,0,1,1,2,1,0,1,2,1,1,0,3,1,0,1,0,1,1,1,0,0,0,1,1,0,1,0,2,0,2,1,0,1,1,0,2,1,1,0,1,0,1,0,0.3587735040621788,0.04675018860449931,0.0046750487188074175,0.8809858988447599,+
3,1,3,0,0,0,0,1,3,0,5,1,1,0,1,0,1,0,0,0,0,0,2,0,0,0,0,2,1,0,0,0,2,0,3,1,1,1,0,0,3,1,2,2,1,1,0,2,1,0,2,1,0,1,0,0,0,1,1,0,1,0,1,1,0.3849956770849986,0.9754750952628506,0.7199299424387738,0.10462406285522663,+
0,0,1,1,0,0,1,0,0,2,2,1,1,2,2,1,0,0,2,4,2,1,0,1,0,1,0,0,0,1,1,0,1,1,1,2,1,2,0,0,2,0,3,1,0,1,1,0,1,0,1,0,2,1,0,1,3,0,1,0,1,0,0,1,0.24579121024097295,0.6998644299664573,0.07460134173434951,0.040418313072223655,+
2,3,0,1,5,0,0,2,1,1,0,1,3,0,1,1,2,1,2,1,0,0,0,0,0,0,0,0,1,0,1,2,1,0,1,1,1,0,0,1,0,0,0,0,2,0,0,0,1,3,0,2,1,0,0,1,2,1,0,1,0,2,2,1,0.9321330499934147,0.4993066096444676,0.5233760296152656,0.8283576883621657,+
2,0,0,4,1,0,1,2,0,0,1,0,2,1,2,0,1,0,1,0,0,0,1,0,2,1,0,2,0,0,2,1,1,3,0,0,1,0,1,0,1,0,0,1,1,1,1,2,2,1,0,1,0,1,1,1,1,1,1,2,1,1,0,1,0.5085009897757469,0.4533079099301316,0.05754073828079964,0.3831436161828048,+
1,1,0,3,1,1,0,2,0,0,1,0,2,0,1,1,0,2,1,0,2,1,1,2,0,1,1,0,1,2,1,1,1,1,0,0,0,2,1,0,1,1,0,0,0,1,0,0,3,0,0,1,1,2,0,1,1,1,0,1,1,1,1,3,0.7629205479414229,0.3222121645195247,0.015138188739980518,0.10422532452198763,+
4,0,1,2,1,1,0,1,0,1,1,0,1,0,2,1,1,2,0,0,0,2,2,0,0,2,1,1,0,1,1,1,1,1,0,0,2,1,3,1,1,1,1,0,2,0,0,0,1,0,1,2,0,0,0,1,1,2,0,1,1,0,1,0,0.6865479344274213,0.8564447373921964,0.968479121047266,0.08622507674786895,+
3,0,2,2,0,1,1,1,1,1,2,0,2,0,0,1,0,1,1,0,1,0,0,2,1,2,0,1,0,2,2,0,3,2,1,0,0,1,2,0,1,0,1,1,1,0,0,1,1,1,0,1,1,0,1,1,3,0,0,0,0,1,1,0,0.43333527162589724,0.009167483155835598,0.1679626339336071,0.8283380053287469,+
9,0,0,3,0,0,0,1,1,0,0,0,2,2,1,1,2,0,0,0,0,1,1,2,0,1,0,1,1,1,0,1,0,0,1,2,1,1,1,0,1,0,1,0,0,0,1,1,1,1,0,1,1,2,0,0,1,2,1,1,0,0,3,0,0.9918983376232443,0.18723615502240287,0.7698498544887529,0.0005470546487863492,+
0,1,0,2,1,0,0,1,1,0,0,0,1,1,1,2,1,0,0,1,1,1,0,3,1,1,2,0,2,2,2,0,1,1,1,0,1,2,3,0,1,1,0,0,0,0,0,0,1,0,0,2,0,2,1,1,0,4,0,0,0,1,1,3,0.3276547562336257,0.9830016292888512,0.19197910235558735,0.3772134891215404,+
0,1,0,2,1,1,0,2,0,0,1,0,3,0,1,1,0,2,1,0,2,1,1,1,0,2,1,0,1,1,1,1,1,1,0,0,0,2,1,1,1,1,0,0,0,1,0,0,2,0,0,3,1,1,1,0,1,1,0,1,1,1,1,4,0.957591104795658,0.9369400332731577,0.24371689687498488,0.14076925130018436,+
2,0,3,1,1,1,0,1,1,2,1,0,0,0,2,1,1,2,0,0,0,0,2,0,0,3,1,1,0,1,1,1,2,1,0,0,2,2,3,1,1,1,1,0,2,0,0,0,0,0,1,2,0,0,0,1,1,2,0,1,1,0,1,0,0.915948980685551,0.4859185157740178,0.4121858034540441,0.6939189515619911,+
0,0,0,1,1,0,0,1,0,1,0,0,1,1,2,1,0,0,0,2,1,1,2,3,2,2,0,0,1,2,1,2,0,2,1,0,1,2,1,1,0,0,0,0,0,1,0,0,1,0,0,1,0,4,1,1,1,2,0,1,0,2,1,3,0.8014730520942926,0.8548915958333635,0.4819289307085831,0.697804430295884,+
4,2,0,4,2,0,0,1,2,1,0,1,2,0,1,1,2,0,1,0,0,0,0,1,0,0,0,1,0,2,1,1,1,1,1,0,0,1,0,0,0,0,0,0,2,1,2,0,2,0,2,0,1,0,1,2,1,1,0,3,0,1,1,1,0.9893359014153157,0.6682494008901029,0.07792512159238307,0.9256614451901732,+
0,2,0,0,2,0,1,1,0,1,0,0,1,0,2,1,1,1,1,1,0,3,2,0,0,3,1,2,0,1,0,2,0,0,0,2,0,1,4,1,0,1,0,0,1,1,0,0,1,1,0,1,2,1,0,1,2,1,0,0,1,1,1,2,0.6814015223364105,0.5572916889397334,0.33178327307002187,0.24260816297220023,+
1,0,0,3,1,0,1,2,1,0,0,0,2,1,1,1,2,1,0,0,0,0,1,0,0,1,0,2,0,0,1,2,0,2,0,1,1,1,1,0,1,0,0,0,0,0,2,2,1,1,1,1,1,0,0,1,1,1,1,2,2,1,1,5,0.7169782889391817,0.12345523584553042,0.5193619584102211,0.11269793025941166,+
2,1,1,1,1,2,0,0,1,1,0,0,1,1,3,0,1,1,0,2,1,1,1,1,1,3,2,0,0,0,0,1,2,1,1,1,2,1,3,0,1,2,0,1,1,0,0,0,0,0,1,1,0,0,2,0,1,0,2,0,0,1,0,1,0.4550536745102369,0.0766263885503452,0.5598009279214665,0.39758442946605366,+
4,2,1,1,0,2,1,0,1,0,1,0,1,1,0,3,0,0,0,3,1,0,1,1,1,1,0,1,0,0,1,2,1,1,0,0,1,1,0,1,0,1,0,1,0,1,0,1,2,0,1,1,1,0,1,1,0,1,1,0,4,1,1,1,0.6749887791830326,0.9042238520587227,0.3656708935279409,0.6991168600620313,+
1,2,1,3,1,0,1,2,0,1,0,3,0,2,1,1,2,0,0,1,0,0,0,0,1,1,0,0,2,0,2,0,2,1,1,0,1,0,0,1,0,0,0,0,1,0,0,3,2,1,2,0,2,0,1,1,3,0,0,1,2,1,1,0,0.7067797304620836,0.5302704784032656,0.3718712639217593,0.6057662820013979,+
3,2,3,0,3,2,2,0,1,0,2,0,0,0,0,1,1,1,0,1,0,0,3,0,1,2,1,2,0,0,0,0,2,2,0,0,0,1,1,0,1,1,0,1,1,0,1,2,2,1,0,0,0,0,0,0,1,0,0,1,2,0,1,3,0.12379132226120482,0.16056573868111745,0.7717735824929478,0.3540975035232462,+
4,1,0,4,0,1,0,3,0,1,2,0,4,0,0,3,1,1,0,1,1,0,0,0,0,0,0,0,1,0,0,2,0,1,0,0,1,0,1,0,0,1,0,1,0,1,0,0,3,1,3,2,1,0,0,0,1,0,0,0,4,0,1,3,0.24027675798636372,0.7232967516768721,0.3316538623523696,0.6191017534095201,+
4,1,2,2,2,2,0,1,1,0,1,1,1,1,0,2,2,1,0,1,1,0,0,0,1,0,0,0,1,0,0,1,1,1,0,1,0,0,0,0,0,0,0,1,1,2,0,1,2,2,1,0,1,0,1,1,1,0,0,2,2,0,3,2,0.8357608783816467,0.8651251968718142,0.7885485514623736,0.2732931131646501,+
0,0,0,1,1,1,4,0,0,0,0,2,1,1,0,1,1,1,1,1,1,0,0,1,3,2,1,1,0,1,0,1,0,3,0,0,1,0,1,1,0,1,0,1,1,1,1,1,0,2,1,1,0,1,2,0,0,0,1,0,2,0,0,6,0.7881828995512676,0.2996910523124464,0.5574899083249857,0.9167343009952272,+
2,0,1,3,1,1,2,0,0,0,0,3,3,0,0,3,0,0,1,2,1,1,1,1,2,0,0,0,0,0,1,0,0,1,1,0,1,1,0,0,0,1,0,0,3,0,0,1,4,3,0,1,0,1,0,0,0,1,1,1,2,0,2,1,0.4859132505632725,0.4065246352118371,0.14844285973675353,0.8431612551458273,+
2,2,0,0,2,1,1,1,2,0,1,2,1,1,1,2,0,2,1,1,2,0,0,1,1,0,0,0,1,0,1,0,1,0,2,1,0,0,0,0,1,0,0,0,1,0,2,2,1,0,2,3,0,2,0,0,0,0,1,3,3,1,0,0,0.5592924379886667,0.4197578493688203,0.9080781306775444,0.5942045324999075,+
2,1,0,1,1,0,0,2,0,1,0,1,3,1,1,0,1,1,2,1,1,0,0,1,0,1,0,0,0,1,2,1,0,0,0,0,2,1,0,1,0,0,0,1,1,0,1,2,1,1,0,3,1,1,1,0,0,2,1,3,1,1,1,3,0.5606207110107968,0.7155905599081773,0.2697697154446467,0.29979208808185687,+
0,1,0,0,0,1,1,0,0,1,0,2,2,1,0,1,0,0,2,1,1,3,0,1,0,0,1,0,0,1,2,1,0,0,1,1,0,0,0,1,0,0,0,0,1,0,1,4,1,1,0,2,2,1,0,1,2,0,0,4,1,2,3,3,0.3208357780771771,0.214127821750142,0.10903095581753319,0.9130693279858721,+
8,2,3,0,2,0,0,1,1,0,1,4,0,0,0,1,2,0,0,0,0,0,0,0,0,1,0,1,0,0,2,1,2,0,1,0,0,0,1,1,0,0,1,1,2,1,1,1,1,1,2,0,0,0,1,1,2,1,0,0,2,1,0,1,0.45557468101204823,0.2291705204348785,0.073716699939406,0.09940214817290072,+
1,2,2,0,1,1,1,1,0,1,1,0,1,0,1,0,3,0,0,0,0,1,1,1,1,6,1,0,1,1,2,0,1,1,0,0,2,1,6,1,0,1,3,1,0,0,1,0,0,1,0,1,0,0,0,1,1,2,0,0,0,0,0,0,0.6938433702504989,0.5309472314187762,0.817617305615265,0.007138774837157746,+
4,2,1,0,1,0,2,1,1,1,0,1,3,1,0,0,0,0,2,1,0,1,2,1,0,2,0,2,1,0,1,1,0,0,0,1,0,2,0,1,0,0,0,0,0,2,0,2,3,2,0,2,2,1,0,0,0,0,0,2,2,0,1,0,0.38354041233175473,0.04423094483765189,0.026236401014607558,0.1281112549007053,+
0,1,0,2,0,0,0,2,1,0,0,1,1,0,4,1,1,0,0,3,1,0,0,0,0,3,0,0,1,2,0,1,2,0,0,1,3,0,2,1,0,0,0,0,0,1,0,1,0,1,2,0,0,1,1,1,2,3,0,1,1,0,2,4,0.013566451142648983,0.5832922039644446,0.384819320768616,0.34061445277245284,+
3,1,2,1,0,0,3,0,1,0,2,0,2,0,1,0,2,0,0,1,0,2,1,1,0,5,0,0,1,1,1,1,1,1,1,0,3,1,1,2,0,1,0,1,0,0,0,1,1,1,0,1,0,0,0,1,2,2,0,0,0,0,2,0,0.13900014503976732,0.5517751235251767,0.05583519119029545,0.7940943726078635,+
2,0,0,1,1,1,0,0,0,0,0,0,2,1,0,2,0,1,0,2,0,1,0,3,0,1,2,2,1,1,0,2,0,1,0,0,1,1,1,0,0,2,0,0,1,1,0,1,1,0,0,2,1,1,4,1,1,0,0,1,0,3,2,3,0.21525808748334074,0.01751377456159331,0.12772583415231997,0.12336948878079435,+
0,0,1,1,0,1,0,0,0,1,0,0,2,1,1,1,0,0,0,1,1,2,2,2,1,2,1,1,1,1,0,1,1,0,0,1,0,2,2,0,0,0,0,1,0,0,1,2,1,1,0,3,0,1,1,1,1,1,0,1,2,1,1,5,0.6196328843348256,0.3869004710185652,0.14981133035275807,0.12281693873529309,+
1,0,1,1,0,0,0,0,1,3,0,1,1,1,0,2,2,0,1,1,2,0,0,0,0,1,0,0,1,0,1,2,0,0,1,1,2,2,0,2,0,1,1,1,0,0,0,2,0,0,2,1,0,0,1,2,1,1,2,0,1,2,3,3,0.9063178275925163,0.8762677916383093,0.5661609167191851,0.19161773972251506,+
1,1,0,2,1,1,2,1,0,0,0,0,0,1,1,1,1,1,0,0,1,3,0,1,0,0,1,2,2,0,0,2,0,0,0,1,0,1,1,0,0,1,1,1,2,1,2,0,2,3,0,0,0,0,0,2,1,1,1,2,2,0,1,3,0.5902644727732652,0.07347503602140815,0.20430879591490259,0.5913096278096356,+
1,1,0,1,0,1,2,1,0,1,0,1,1,3,0,3,0,2,1,1,3,2,0,0,2,1,0,0,0,0,1,2,0,0,1,3,1,1,0,0,0,0,0,0,2,0,0,0,2,1,0,2,0,1,1,2,1,0,0,1,2,1,1,1,0.09403916012227709,0.2616974013603325,0.06536374313462279,0.3856884854221291,+
2,2,1,0,0,1,2,2,1,0,0,1,1,1,0,2,1,1,1,1,2,2,0,1,0,1,1,0,0,0,0,4,1,0,0,0,1,0,0,0,0,0,0,1,1,1,0,0,0,2,0,3,1,2,0,1,0,0,0,0,3,3,0,4,0.556546249943369,0.05732907968131373,0.6419293189501076,0.854990585784409,+
0,1,0,0,0,2,1,2,0,1,0,0,1,2,0,0,1,0,0,1,1,1,1,2,0,2,1,0,2,3,2,1,0,1,0,1,1,0,1,1,1,0,0,0,0,0,0,1,0,3,1,1,0,2,1,3,1,0,0,1,2,1,0,4,0.43708511425790797,0.34610734298178447,0.19082168999580718,0.7331675839945526,+
4,2,0,2,0,1,1,1,1,0,0,0,0,0,0,1,1,0,0,0,1,0,0,2,0,0,1,1,1,1,0,2,0,1,0,0,0,1,0,0,0,0,0,1,2,0,2,3,3,0,1,0,0,1,1,1,0,0,0,5,1,2,3,4,0.2600533917389134,0.9404020139521277,0.10708780143844576,0.7910215359753006,+
1,3,0,1,2,0,2,0,2,0,0,0,1,2,0,2,0,0,1,2,0,0,0,0,2,0,1,2,1,1,0,1,3,0,0,1,0,0,0,0,0,0,0,1,0,1,1,2,1,1,1,1,0,0,3,3,0,0,0,2,2,2,1,2,0.25854702202699187,0.9300610094230709,0.6735576327570653,0.5239974846119249,+
0,0,0,1,1,0,0,2,0,0,0,0,0,1,3,3,0,3,0,3,1,0,0,0,0,1,0,0,2,0,0,2,0,0,0,0,1,0,0,1,0,0,0,1,0,1,0,2,1,0,0,4,2,1,1,1,0,1,1,2,3,3,1,5,0.5739111134250882,0.4152142890224787,0.005013807251707192,0.3582803547341632,+
7,1,3,0,1,0,1,0,1,0,1,3,2,1,0,0,0,0,1,1,0,0,0,0,0,0,0,1,1,0,0,2,1,1,0,0,0,0,0,1,0,0,0,2,0,0,2,3,3,0,1,1,1,0,0,2,1,1,1,0,2,2,1,2,0.862443170265706,0.6875835202899646,0.5768685352552874,0.19379268780467085,+
0,0,1,2,0,0,1,0,1,0,1,1,1,1,2,1,1,1,0,1,0,0,0,2,1,1,2,0,0,0,1,2,1,0,0,3,2,2,0,1,1,2,0,1,1,2,0,0,1,0,2,0,0,0,3,0,1,2,1,1,1,0,2,1,0.7967914312481413,0.2895812564089546,0.7005456785239504,0.14981534219181214,+
6,2,0,1,1,1,0,2,0,0,1,0,1,1,1,2,2,0,0,1,1,0,0,2,0,0,0,0,2,1,0,2,0,0,0,0,1,1,0,0,0,2,0,1,2,0,0,0,1,2,1,3,0,1,0,2,0,0,1,1,2,1,1,2,0.221891487206347,0.31000764811608594,0.15624774167032673,0.3401669690262744,+
0,0,0,1,1,1,0,1,0,0,2,0,0,0,2,1,0,2,1,0,1,2,1,0,0,0,1,1,0,1,0,3,1,0,0,0,1,0,0,3,1,3,0,0,1,0,3,1,0,1,1,2,0,1,1,0,0,1,1,4,2,1,2,2,0.017308190866981432,0.20660142204517717,0.7253222537320803,0.3413698532040611,+
9,3,0,2,2,0,1,2,0,0,0,0,3,1,0,1,2,0,0,3,1,0,0,0,0,1,0,0,1,1,0,2,0,0,0,0,0,0,0,1,0,0,0,0,2,0,1,0,3,2,0,1,2,0,0,1,0,0,0,3,0,1,2,1,0.6610078384459285,0.8139323791914241,0.5890595143121576,0.8491147947297826,+
0,0,0,0,0,0,2,2,0,1,0,0,1,2,2,0,0,1,0,0,0,0,1,0,1,1,0,4,1,1,1,1,0,1,1,2,1,0,1,1,1,0,2,0,1,1,0,2,0,2,1,3,0,1,2,1,2,1,1,0,3,0,0,2,0.1582301819920161,0.3392825806017321,0.8307759510273048,0.28061386632862073,+
1,1,0,3,0,0,0,1,1,0,0,1,3,1,2,2,0,0,2,1,1,0,0,0,0,0,0,0,0,0,1,0,2,0,0,1,1,0,0,0,0,1,0,1,1,0,1,2,2,0,0,4,1,1,0,0,2,0,2,2,2,0,2,6,0.9022908698592006,0.5406506542729982,0.01113566331817184,0.5979989595395994,+
0,2,0,0,1,0,2,1,1,1,0,1,1,1,1,1,0,0,1,1,0,0,1,0,1,1,0,2,1,0,4,0,2,2,2,0,0,1,1,2,0,1,0,0,0,1,1,2,0,0,0,2,1,0,0,2,4,1,1,1,1,1,1,0,0.9760563218393273,0.21860408114523966,0.4825799401220845,0.5047054928647731,-
0,2,0,1,1,1,1,2,1,0,0,1,0,1,0,3,1,0,1,1,0,0,1,0,2,1,0,1,0,2,2,1,2,2,1,0,0,0,0,1,0,0,0,1,1,2,1,0,0,1,0,2,2,0,1,2,2,0,1,1,2,1,1,1,0.699132006377945,0.3966032738205676,0.6304232700963567,0.21489980036542045,-
2,2,1,1,0,0,1,1,0,0,3,0,1,0,2,0,1,0,0,0,0,0,0,1,0,0,1,0,2,1,1,1,2,0,2,0,0,1,1,1,2,1,3,2,0,1,0,1,1,0,0,2,0,0,0,2,2,2,1,0,0,0,2,4,0.8559061146375562,0.034248551805290184,0.9268890615978281,0.6852367850355537,-
0,1,1,1,0,2,1,2,0,2,0,0,0,0,0,2,1,0,1,2,2,0,1,1,0,1,2,0,3,1,0,0,0,2,0,0,1,1,1,1,0,1,0,2,1,0,1,1,2,2,0,0,1,1,0,0,2,0,1,1,0,1,3,2,0.40774159998150983,0.7549034589123108,0.5172479111494188,0.34971873691199074,-
0,3,1,0,0,1,3,0,1,0,1,0,0,2,1,0,1,0,2,0,0,0,1,1,0,3,2,1,2,1,1,0,2,1,0,1,2,0,0,2,1,0,0,3,1,1,2,0,1,0,0,2,1,1,1,1,2,1,1,0,0,0,0,0,0.708137100344062,0.37283764227927907,0.005199256048082468,0.5139639142635174,-
0,2,2,2,2,0,0,1,1,2,1,0,0,4,0,0,4,0,2,1,2,0,0,2,0,0,0,1,0,0,1,2,2,1,0,0,0,3,0,0,0,0,1,2,1,0,1,1,0,0,0,1,3,1,1,0,2,0,1,0,0,1,1,0,0.021805520343212037,0.8774568743117531,0.5718327412823417,0.9322893497727682,-
0,2,1,0,1,1,2,2,0,0,2,0,1,0,2,1,2,0,0,2,1,0,0,1,0,1,0,1,2,1,1,0,1,1,1,2,1,0,0,1,3,1,0,0,0,0,0,2,1,3,0,0,1,1,0,0,2,0,2,1,1,1,1,1,0.10089559904524359,0.6105127846390712,0.3219136604426591,0.8061989774771136,-
0,1,0,1,0,2,1,1,1,0,1,1,0,1,2,1,1,0,1,0,0,0,2,0,2,1,0,0,1,1,1,1,1,3,2,0,0,0,0,2,0,1,0,2,2,1,2,0,0,0,0,3,2,0,0,1,2,0,2,2,1,0,1,1,0.7703710708147464,0.06182667894872873,0.5539152236818259,0.08561200415392967,-
0,0,0,0,0,1,3,1,1,2,1,2,0,1,0,0,0,1,3,1,2,0,0,0,2,3,0,1,0,0,1,2,0,3,2,0,2,1,2,1,1,0,0,0,2,0,2,0,0,2,1,0,1,0,0,1,1,1,0,1,1,1,0,1,0.22114101471318703,0.3583464005006316,0.6345147966414685,0.1725842881241325,-
1,1,1,1,0,1,1,0,0,2,1,0,0,0,1,0,1,0,0,0,0,0,1,3,3,0,1,1,1,3,0,1,1,1,2,0,0,2,1,0,0,1,3,2,0,2,0,1,1,0,0,0,1,1,1,2,1,0,1,0,0,0,2,4,0.33705260120203706,0.18813478206784817,0.21290220120137116,0.9801875240547617,-
0,0,0,1,1,0,1,3,1,0,0,0,1,0,3,0,1,1,0,0,0,0,0,0,0,0,1,1,2,1,3,1,0,1,1,2,0,0,1,1,2,0,1,3,1,1,1,1,0,3,0,1,1,0,1,2,1,2,4,0,0,2,0,0,0.20050066664264776,0.6243328048059656,0.6266500382550261,0.4550461432106594,-
0,1,1,0,0,2,1,1,1,2,0,2,1,0,0,2,0,0,2,2,2,0,0,1,0,1,1,0,3,1,0,1,0,1,1,0,1,1,1,1,0,1,0,1,1,2,1,0,2,2,1,0,1,0,0,2,1,0,1,1,0,0,2,2,0.44831622113757863,0.12203441773770862,0.8986347996295827,0.2556189230823185,-
0,1,1,0,2,0,1,2,1,3,1,0,1,0,0,0,1,1,2,0,0,0,0,2,2,0,2,0,0,1,1,3,0,1,2,1,1,1,4,1,0,2,0,1,1,1,0,0,0,2,0,0,1,1,0,0,1,2,0,1,0,0,3,0,0.24635626257971732,0.4442360907570788,0.2985980341755251,0.733335241007539,-
0,1,0,0,1,0,1,2,1,0,0,1,0,0,2,2,0,0,0,1,0,0,2,1,2,1,0,2,1,1,2,1,1,1,2,2,0,1,1,1,0,0,0,0,0,1,2,1,0,2,0,1,0,2,1,1,3,2,0,1,2,2,0,0,0.4230443534276719,0.1530066882183575,0.641346098582876,0.20402352032682014,-
0,3,1,1,3,1,1,0,2,0,0,0,0,1,1,4,4,0,1,1,0,0,1,0,1,0,0,2,0,2,0,0,0,2,0,3,0,0,0,0,2,0,0,0,0,0,1,1,1,0,0,1,3,0,1,2,1,0,2,0,1,3,1,0,0.8997063820593949,0.38657690151368707,0.09064043666636157,0.5462975967541394,-
0,2,0,1,1,1,1,2,1,0,0,1,0,1,0,3,1,0,1,1,0,0,2,0,1,1,0,1,0,2,2,1,1,2,1,0,0,0,0,1,0,0,0,1,1,2,1,0,0,1,0,2,2,1,1,2,2,0,1,1,2,1,1,1,0.2874239443647545,0.40538860172355573,0.0047616235303361565,0.5380989687352216,-
0,0,3,1,0,1,2,0,0,3,1,1,1,0,1,0,2,1,0,0,0,0,1,2,3,0,1,1,0,2,0,2,1,1,1,1,0,2,1,2,1,1,0,1,0,2,1,0,0,1,1,0,3,1,1,0,0,1,1,0,1,1,0,0,0.018259296524435586,0.7366007642821739,0.9203965935672713,0.6135483190557324,-
0,1,1,0,1,3,1,1,4,2,0,1,0,0,1,0,1,2,1,1,2,1,1,3,2,2,0,0,0,2,0,1,1,3,3,0,1,3,0,0,0,0,0,0,1,1,0,0,0,0,2,0,1,0,2,0,0,0,0,1,1,0,0,0,0.8029955077375142,0.28386183081396876,0.17298544681991324,0.6008380166129108,-
1,1,0,1,1,0,1,1,3,2,0,0,1,0,2,0,1,0,1,2,0,1,0,2,1,0,0,1,0,1,0,3,0,2,2,0,2,2,0,1,0,0,0,0,1,1,1,0,1,0,2,0,1,0,1,1,0,3,0,2,1,1,2,1,0.5315048405660439,0.12357091672479215,0.5394180042692475,0.13981071900079334,-
0,0,0,0,0,0,1,2,1,0,0,1,0,0,2,2,0,1,0,0,0,0,2,1,2,1,0,2,1,1,2,1,0,1,2,3,0,1,1,1,1,0,0,0,0,2,1,1,0,2,0,1,1,2,1,1,2,2,1,1,1,2,1,0,0.9797601798218369,0.36438041196888515,0.39052719950263215,0.08954829163159927,-
1,2,1,0,0,0,2,2,1,0,2,0,3,0,2,0,0,0,0,1,0,0,1,0,1,2,0,1,1,1,3,0,3,1,2,1,0,1,1,3,2,0,0,0,0,0,0,1,0,1,0,3,1,0,0,0,4,3,0,0,0,0,1,0,0.7968561016474733,0.8869474611031296,0.1112297193684213,0.6776225484973,-
0,1,1,0,2,0,1,2,1,2,1,0,1,0,1,0,1,1,1,1,0,0,0,2,2,0,2,0,0,1,1,3,1,1,2,1,0,1,3,1,0,2,0,1,1,1,0,0,0,2,0,0,1,1,0,0,2,2,0,1,0,0,3,0,0.9217481958018444,0.36365834696240695,0.12743967321616945,0.32137732805494035,-
0,0,0,0,0,1,1,2,1,0,0,1,0,0,2,1,0,1,0,0,1,0,2,1,2,1,0,2,1,1,2,1,0,1,2,3,0,1,1,1,1,0,0,0,0,2,1,1,0,2,0,0,1,2,1,1,2,2,1,1,1,2,1,0,0.1190405052152197,0.022439092284920914,0.2350416506874139,0.17596982607357792,-
1,1,0,1,1,0,2,1,1,1,0,0,1,0,2,0,1,0,1,2,0,1,0,2,1,2,0,1,1,1,0,4,0,2,0,0,1,2,1,2,0,0,0,0,1,1,1,0,1,1,1,0,1,0,1,1,0,3,0,2,0,1,2,1,0.933212571724139,0.20916490251414965,0.8740015528280632,0.6580333923829008,-
0,2,1,0,1,1,2,1,2,2,3,0,0,1,1,0,1,2,2,1,2,0,0,1,0,2,1,0,1,0,1,0,2,0,3,1,3,2,1,0,4,0,0,1,0,0,0,1,0,1,0,0,0,0,1,0,0,2,1,0,0,0,1,0,0.9405843267717541,0.4553560744850834,0.7471648567068596,0.503095481229482,-
0,3,1,1,3,1,1,0,2,0,1,0,0,1,1,3,4,0,1,1,0,0,1,0,1,0,0,2,0,2,0,0,0,2,1,3,0,0,0,0,3,0,0,0,0,0,1,1,1,0,0,0,3,0,1,2,1,0,2,0,1,2,1,0,0.7033209966948853,0.9016589289911779,0.7295827511079307,0.955613526352371,-
0,0,3,1,0,1,2,0,0,3,1,1,1,0,1,0,2,1,0,0,0,0,1,2,3,0,1,1,0,2,0,2,2,1,1,1,0,1,1,2,1,0,0,1,0,2,1,0,0,1,1,0,3,1,1,0,1,1,1,0,1,1,0,0,0.6257691683891047,0.4792377022219513,0.6430395046007623,0.5981707083694475,-
0,1,0,0,0,0,2,1,1,1,0,1,3,1,2,0,0,0,1,1,0,0,1,0,1,2,0,1,1,1,3,0,2,1,2,1,0,1,1,3,0,0,0,0,0,0,1,2,0,1,0,4,2,0,0,0,4,2,0,1,1,0,1,0,0.6314151522214119,0.7015032352211432,0.20656952188179345,0.8118998586700286,-
0,0,0,0,0,0,2,0,1,2,1,0,0,0,2,1,0,2,2,1,1,0,1,1,1,1,3,1,0,1,0,1,0,0,2,2,2,1,2,0,1,1,0,2,0,2,1,1,0,0,0,0,2,2,1,1,1,0,0,2,0,3,0,1,0.23699126791198066,0.04464377484258486,0.5676606016223724,0.024649189459724608,-
0,1,0,2,0,1,1,1,0,0,1,0,0,3,2,0,1,0,0,1,1,1,2,1,1,0,1,1,4,0,0,1,0,0,1,0,0,0,0,1,0,1,0,2,1,2,2,1,2,2,0,1,1,3,0,2,0,0,1,3,1,1,0,0,0.18994902718346218,0.5708950484474455,0.3837807433720932,0.1782992162032475,-
0,3,1,0,0,1,3,0,1,0,1,0,0,2,1,0,1,0,1,0,0,0,1,1,0,3,2,1,2,1,1,0,2,1,0,1,1,0,1,2,1,1,0,3,1,1,2,0,1,0,0,2,1,1,1,1,2,0,2,0,0,0,0,0,0.3151052076996055,0.8850029590807684,0.21375089614118015,0.6301379996158468,-
0,2,1,0,1,1,2,1,0,0,2,0,1,0,2,1,1,0,0,2,0,0,0,1,0,1,0,2,2,1,1,0,1,1,1,2,1,0,0,1,3,1,0,0,0,0,1,2,1,3,0,0,1,0,1,1,2,0,2,1,1,1,1,1,0.8396048647689899,0.2149302821386918,0.4094871131184016,0.5089948872250184,-
0,1,2,0,0,0,1,2,1,2,1,0,1,0,1,1,2,0,0,1,0,0,0,1,2,0,1,0,0,2,1,3,1,1,2,1,1,1,2,3,0,3,0,0,0,0,0,0,0,1,0,1,2,0,0,0,2,2,1,1,0,0,4,0,0.6658777767036156,0.5834701177126124,0.9974562724969209,0.38705981718704174,-
0,0,3,0,0,0,1,1,5,0,3,1,0,0,3,0,1,0,0,1,1,0,0,0,0,0,0,1,1,2,1,0,2,1,4,1,1,0,0,1,2,1,1,1,2,1,1,0,0,1,2,1,0,1,0,2,1,1,1,1,0,0,0,0,0.8361468662566693,0.6551768872967972,0.3096667404601461,0.0747627505891203,-
0,0,0,0,0,0,2,0,1,3,1,0,0,0,2,1,0,2,3,1,1,0,1,1,1,1,2,1,0,1,0,1,0,0,2,2,2,1,2,0,1,1,0,1,0,2,1,1,0,0,0,0,2,2,1,1,1,0,0,2,0,3,0,1,0.5396420171499388,0.18307734284864308,0.9421617157193106,0.10430682994688445,-
0,0,0,0,0,1,1,1,0,0,1,0,0,0,1,1,1,0,0,1,1,0,1,0,1,2,1,1,1,0,0,2,0,2,0,1,1,0,3,1,1,1,0,1,0,0,1,3,0,1,1,0,0,1,0,1,1,2,1,2,1,2,4,5,0.001736606439777355,0.6288073474127923,0.5855287383447945,0.2335582595632969,-
0,4,1,0,2,1,3,0,3,1,0,0,0,0,1,2,2,0,3,0,0,0,1,0,2,3,1,1,1,2,0,0,1,1,0,2,2,0,2,2,0,1,0,0,1,0,0,0,2,0,0,1,1,0,1,1,0,1,0,0,1,1,0,0,0.6602504208415447,0.07240518347520986,0.07988993487034901,0.2811181058832879,-
1,1,0,2,1,1,1,0,0,0,1,0,0,1,2,0,1,1,1,1,0,0,0,1,0,2,0,2,0,1,0,2,0,0,0,0,2,0,1,1,0,1,0,1,3,1,1,2,2,1,0,0,1,0,2,1,0,1,0,4,1,1,2,3,0.7999616678528114,0.8545827015901443,0.9043014880684627,0.47908707176968235,-
0,1,0,2,1,1,0,2,1,2,0,0,1,1,3,1,1,0,1,3,1,0,1,1,1,0,1,1,1,3,0,0,1,1,1,1,2,0,1,0,0,0,0,1,1,0,0,1,0,2,1,0,1,2,1,1,3,1,0,0,0,1,1,0,0.015220365654451617,0.1620989644583124,0.1472542012139828,0.1442520780233454,-
0,0,0,1,1,0,2,1,2,0,0,1,1,0,5,0,1,0,0,1,0,0,0,0,0,0,1,1,1,1,2,0,0,2,2,2,1,0,0,1,4,0,1,2,2,1,1,0,0,2,0,2,0,0,0,2,1,2,5,0,0,0,0,0,0.7589888042051176,0.1826973285947251,0.5621828860666213,0.03447776712955286,-
0,0,0,2,1,1,0,0,0,0,1,0,0,1,2,1,1,1,1,1,1,0,0,1,0,2,1,0,0,1,0,1,0,0,0,1,2,0,2,1,0,1,0,1,1,0,1,3,1,1,0,0,1,1,1,0,1,2,0,4,1,1,3,5,0.04559217387959413,0.2740977111836419,0.30236069388204867,0.44893672094085113,-
0,0,0,0,0,0,1,0,1,2,1,3,2,0,0,1,0,1,3,0,0,0,0,1,3,0,1,1,0,2,0,0,0,0,2,2,1,1,3,0,0,0,1,2,1,2,1,2,0,0,2,1,3,0,1,1,0,3,0,0,0,2,1,0,0.44616532665838815,0.5291563670556103,0.16116994080614488,0.8137391011503536,-
1,1,0,0,0,1,2,1,0,1,1,2,0,1,1,0,0,1,2,2,1,0,0,0,0,2,0,2,0,0,1,3,0,0,1,0,3,0,1,1,0,1,0,0,3,1,2,0,1,2,1,0,1,0,1,2,1,1,0,2,1,2,0,1,0.5046465174452863,0.11011923715075345,0.15535732630258214,0.9357135021592367,-
1,1,0,1,1,1,0,1,3,2,0,1,1,0,2,0,1,0,1,2,0,1,1,2,2,0,0,0,0,1,0,4,0,2,3,0,2,1,0,1,0,0,0,0,1,1,0,0,1,0,2,0,1,0,1,1,0,2,0,1,1,1,2,1,0.08689276210729713,0.5531104547521359,0.08758034730242825,0.45492068284059173,-
0,0,0,2,0,0,0,1,0,0,1,0,0,1,2,1,1,0,0,1,1,0,0,0,0,3,1,0,1,0,0,3,0,1,0,1,1,0,2,2,1,0,0,1,0,0,1,3,1,0,1,0,0,1,1,1,1,2,0,3,1,2,3,6,0.26866455596809957,0.29987469219063356,0.456198488411369,0.25772276700001384,-
0,2,0,1,1,2,1,2,1,0,0,1,0,1,1,3,1,0,1,1,0,0,2,0,2,1,0,0,0,1,2,1,2,3,1,0,0,0,0,1,0,0,0,1,1,1,1,0,0,1,0,3,2,0,0,1,3,0,1,1,2,0,1,1,0.3520487058727024,0.6780350857110846,0.7253522295336804,0.9030368563770007,-
0,0,3,0,0,0,1,1,5,0,3,1,0,0,3,0,1,0,0,1,1,0,0,0,0,0,0,1,1,2,1,0,2,1,4,1,1,0,0,1,2,1,1,1,2,1,1,0,0,1,1,1,0,1,0,2,2,1,1,1,0,0,0,0,0.2746774266540317,0.8144387861476571,0.9598658981782245,0.09467171818093378,-
1,1,0,1,1,0,2,1,2,2,0,0,1,0,2,0,1,0,1,2,0,1,0,2,1,0,0,1,1,1,0,3,0,2,2,0,2,2,0,1,0,0,0,0,1,1,1,0,1,1,1,0,1,0,1,1,0,3,0,2,0,1,2,1,0.14506153051686377,0.8314889415762932,0.5953210880543433,0.9459845052271237,-
2,2,1,1,0,0,1,1,0,0,3,0,1,0,1,0,1,0,0,0,0,0,0,2,0,0,1,0,2,2,1,1,2,0,2,0,0,1,0,1,2,1,3,2,0,1,0,1,1,0,0,2,1,0,0,2,2,1,1,0,0,0,2,4,0.10028894518653941,0.710390730369908,0.83522042518427,0.09207533973905213,-
0,3,1,1,3,1,1,0,2,0,0,0,0,1,1,4,4,0,1,1,0,0,1,0,1,0,0,2,0,2,0,0,0,2,0,3,0,0,0,0,2,0,0,0,1,0,1,1,1,0,0,1,3,0,1,2,0,0,2,0,1,3,1,0,0.9324461272694814,0.4741324863797053,0.6489965159970609,0.1468862668504579,-
0,0,1,0,0,1,1,2,1,0,1,1,0,0,2,1,1,1,0,0,1,0,1,1,2,1,0,1,1,0,2,2,0,1,2,3,0,1,1,2,1,1,0,0,0,1,1,1,0,2,0,0,1,2,0,0,2,2,1,1,1,2,1,0,0.44988257569049006,0.9988000611725619,0.8703105518884492,0.3357918671605843,-
2,2,1,1,0,0,1,0,0,0,3,0,0,0,1,0,1,0,0,0,0,0,0,2,0,0,1,1,1,3,1,1,2,0,2,0,0,1,0,1,2,1,3,2,0,2,0,1,1,0,0,0,1,1,1,2,2,1,1,0,0,0,2,4,0.49680235135042494,0.612559435497622,0.47386377462636153,0.2932988922340022,-
1,2,2,5,1,0,0,2,1,1,2,0,2,2,1,2,3,1,0,2,1,0,0,0,0,0,0,0,1,2,0,0,1,0,1,0,1,1,0,1,1,2,0,0,0,0,0,0,5,0,1,0,3,0,0,1,0,0,1,0,2,0,0,0,0.844655743214815,0.1487443260805541,0.8643397842145266,0.24615347270806365,-
